1,google.com
2,amazonaws.com
3,facebook.com
4,microsoft.com
5,a-msedge.net
6,apple.com
7,googleapis.com
8,youtube.com
9,akamaiedge.net
10,akamai.net
11,azure.com
12,twitter.com
13,instagram.com
14,googlevideo.com
15,gstatic.com
16,live.com
17,doubleclick.net
18,linkedin.com
19,cloudflare.com
20,office.com
21,tiktokcdn.com
22,gtld-servers.net
23,akadns.net
24,googletagmanager.com
25,apple-dns.net
26,googleusercontent.com
27,netflix.com
28,amazon.com
29,trafficmanager.net
30,fbcdn.net
31,microsoftonline.com
32,windowsupdate.com
33,icloud.com
34,wikipedia.org
35,fastly.net
36,root-servers.net
37,domaincontrol.com
38,bing.com
39,l-msedge.net
40,wordpress.org
41,youtu.be
42,mail.ru
43,ui.com
44,digicert.com
45,github.com
46,aaplimg.com
47,yahoo.com
48,tiktokv.com
49,pinterest.com
50,t-msedge.net
51,sharepoint.com
52,nflxso.net
53,adobe.com
54,goo.gl
55,google-analytics.com
56,windows.net
57,cloudfront.net
58,spotify.com
59,googlesyndication.com
60,zoom.us
61,vimeo.com
62,gvt2.com
63,gandi.net
64,wordpress.com
65,office.net
66,s-msedge.net
67,msn.com
68,edgekey.net
69,bit.ly
70,yandex.net
71,office365.com
72,bytefcdn-oversea.com
73,skype.com
74,whatsapp.net
75,whatsapp.com
76,intuit.com
77,ntp.org
78,cloudflare.net
79,wac-msedge.net
80,gvt1.com
81,cloudflare-dns.com
82,app-measurement.com
83,qq.com
84,mozilla.org
85,trbcdn.net
86,blogspot.com
87,ytimg.com
88,outlook.com
89,reddit.com
90,googledomains.com
91,opera.com
92,tiktok.com
93,snapchat.com
94,roblox.com
95,yandex.ru
96,cdn77.org
97,europa.eu
98,baidu.com
99,amazon-adsystem.com
100,nic.ru
101,macromedia.com
102,nih.gov
103,dropbox.com
104,tumblr.com
105,pki.goog
106,epicgames.com
107,ttlivecdn.com
108,unity3d.com
109,adnxs.com
110,one.one
111,comcast.net
112,netflix.net
113,gravatar.com
114,windows.com
115,msftncsi.com
116,sberdevices.ru
117,b-msedge.net
118,googleadservices.com
119,a2z.com
120,spo-msedge.net
121,criteo.com
122,github.io
123,nytimes.com
124,msedge.net
125,flickr.com
126,sentry.io
127,akamaized.net
128,t.me
129,tiktokcdn-us.com
130,cloudapp.net
131,cdninstagram.com
132,wa.me
133,samsung.com
134,edgesuite.net
135,webex.com
136,bytefcdn-ttpeu.com
137,forms.gle
138,registrar-servers.com
139,ggpht.com
140,rubiconproject.com
141,apache.org
142,o365filtering.com
143,azureedge.net
144,vk.com
145,paypal.com
146,lencr.org
147,rbxcdn.com
148,appsflyersdk.com
149,2mdn.net
150,archive.org
151,amazonvideo.com
152,zemanta.com
153,cnn.com
154,t.co
155,aiv-cdn.net
156,shipt.com
157,soundcloud.com
158,health.mil
159,miit.gov.cn
160,tds.net
161,mangosip.ru
162,omtrdc.net
163,medium.com
164,hipages.com.au
165,salesforce.com
166,stbid.ru
167,casalemedia.com
168,w3.org
169,applovin.com
170,wsdvs.com
171,gmail.com
172,appsflyer.com
173,theguardian.com
174,meraki.com
175,dns.google
176,forbes.com
177,demdex.net
178,worldfcdn2.com
179,ebay.com
180,adobe.io
181,facebook-hardware.com
182,pubmatic.com
183,bbc.co.uk
184,azurewebsites.net
185,taboola.com
186,googleblog.com
187,mzstatic.com
188,cdn-apple.com
189,salesforceliveagent.com
190,dnsowl.com
191,rambler.ru
192,xiaomi.com
193,kaspersky.com
194,slack.com
195,mcafee.com
196,nr-data.net
197,creativecommons.org
198,akamaihd.net
199,hp.com
200,edgecdn.ru
201,comfortel.pro
202,bbc.com
203,sourceforge.net
204,e2ro.com
205,myfritz.net
206,discord.com
207,rocket-cdn.com
208,nginx.org
209,imdb.com
210,shifen.com
211,cisco.com
212,mit.edu
213,smartadserver.com
214,miui.com
215,att.net
216,userapi.com
217,twitch.tv
218,telecid.ru
219,playstation.net
220,doubleverify.com
221,nginx.com
222,sciencedirect.com
223,ubuntu.com
224,who.int
225,scorecardresearch.com
226,roku.com
227,nflxvideo.net
228,abusix.zone
229,telefonica.de
230,msftconnecttest.com
231,facebook.net
232,mtgglobals.com
233,wixsite.com
234,android.com
235,researchgate.net
236,launchdarkly.com
237,youtube-nocookie.com
238,amazon.co.uk
239,ampproject.org
240,jomodns.com
241,issuu.com
242,b-cdn.net
243,hubspot.com
244,aliyuncs.com
245,wikimedia.org
246,appcenter.ms
247,nvidia.com
248,grammarly.com
249,openx.net
250,tinyurl.com
251,mozilla.com
252,cdc.gov
253,comcast.com
254,washingtonpost.com
255,oracle.com
256,t-mobile.com
257,atomile.com
258,wp.com
259,cedexis.net
260,weebly.com
261,reuters.com
262,canva.com
263,booking.com
264,ibm.com
265,go.com
266,doi.org
267,trendmicro.com
268,shopify.com
269,3lift.com
270,rlcdn.com
271,harvard.edu
272,amazon.dev
273,sharethrough.com
274,dailymail.co.uk
275,drom.ru
276,slideshare.net
277,adsrvr.org
278,elisa.fi
279,google.com.br
280,googletagservices.com
281,avast.com
282,bidswitch.net
283,adsafeprotected.com
284,weibo.com
285,teamviewer.com
286,reg.ru
287,www.gov.uk
288,media-amazon.com
289,wildberries.ru
290,opendns.com
291,dnsmadeeasy.com
292,nist.gov
293,media.net
294,ttdns2.com
295,moatads.com
296,samsungcloud.com
297,vungle.com
298,dual-s-msedge.net
299,force.com
300,etsy.com
301,google.co.uk
302,bloomberg.com
303,example.com
304,360yield.com
305,samsungqbe.com
306,adriver.ru
307,espn.com
308,wiley.com
309,steampowered.com
310,jsdelivr.net
311,google.de
312,wsj.com
313,stripe.com
314,nature.com
315,checkpoint.com
316,elasticbeanstalk.com
317,eset.com
318,quantserve.com
319,branch.io
320,indeed.com
321,php.net
322,samsungcloudsolution.com
323,msidentity.com
324,alibabadns.com
325,criteo.net
326,crashlytics.com
327,aol.com
328,twimg.com
329,businessinsider.com
330,un.org
331,lijit.com
332,dzeninfra.ru
333,dotomi.com
334,dailymotion.com
335,weather.com
336,name-services.com
337,wbx2.com
338,unsplash.com
339,yahoo.co.jp
340,springer.com
341,cdngslb.com
342,sc-cdn.net
343,ksyuncdn.com
344,godaddy.com
345,cmediahub.ru
346,id5-sync.com
347,list-manage.com
348,adobedtm.com
349,imrworldwide.com
350,inmobi.com
351,adform.net
352,azurefd.net
353,stanford.edu
354,quora.com
355,outbrain.com
356,nasa.gov
357,netangels.ru
358,mi.com
359,linktr.ee
360,ea.com
361,liadm.com
362,discord.gg
363,gnu.org
364,dell.com
365,cnbc.com
366,1c.ru
367,bamgrid.com
368,dns.cn
369,stackoverflow.com
370,foxnews.com
371,nease.net
372,ozon.ru
373,clarity.ms
374,teads.tv
375,azure-dns.com
376,3gppnetwork.org
377,cpanel.net
378,openai.com
379,go-mpulse.net
380,inner-active.mobi
381,sophos.com
382,eventbrite.com
383,mynetname.net
384,sohu.com
385,globo.com
386,xboxlive.com
387,aliexpress.com
388,rzone.de
389,giphy.com
390,ring.com
391,npr.org
392,ups.com
393,amazonalexa.com
394,wix.com
395,bitrix24.ru
396,tradingview.com
397,avcdn.net
398,walmart.com
399,time.com
400,taobao.com
401,datadoghq.com
402,usatoday.com
403,alicdn.com
404,hicloud.com
405,goodreads.com
406,telegraph.co.uk
407,pv-cdn.net
408,hichina.com
409,tp-link.com
410,g.page
411,statista.com
412,blogger.com
413,sc-gw.com
414,amazon.de
415,byteoversea.net
416,addtoany.com
417,pangle.io
418,autodesk.com
419,ngenix.net
420,pixabay.com
421,myshopify.com
422,att.com
423,surveymonkey.com
424,chinamobile.com
425,sfx.ms
426,xcal.tv
427,bilibili.com
428,forter.com
429,hostgator.com
430,dzen.ru
431,safebrowsing.apple
432,gamepass.com
433,nflximg.com
434,firetvcaptiveportal.com
435,scribd.com
436,kaspersky-labs.com
437,healthline.com
438,kwai.net
439,scdn.co
440,amzn.to
441,speedtest.net
442,beian.gov.cn
443,cnet.com
444,dns.ne.jp
445,alibaba.com
446,naver.com
447,gosuslugi.ru
448,tripadvisor.com
449,ok.ru
450,debian.org
451,aws.dev
452,imgsmail.ru
453,wired.com
454,zendesk.com
455,mikrotik.com
456,mayoclinic.org
457,online-metrix.net
458,rackspace.net
459,consultant.ru
460,yahoodns.net
461,ted.com
462,supersonicads.com
463,verisign.com
464,ca.gov
465,tfbnw.net
466,icloud-content.com
467,behance.net
468,wal-mart.com
469,cloudflareclient.com
470,ft.com
471,indiatimes.com
472,herokudns.com
473,galleryvalery.com
474,creativecdn.com
475,sentinelone.net
476,ttvnw.net
477,duckdns.org
478,hotjar.com
479,deviantart.com
480,warnerbros.com
481,disqus.com
482,telegram.me
483,imgur.com
484,buzzfeed.com
485,amazontrust.com
486,mysql.com
487,google.ca
488,ai-lawandorder.com
489,webrootcloudav.com
490,independent.co.uk
491,atlassian.com
492,mediatek.com
493,dnspod.net
494,rakuten.co.jp
495,pandora.com
496,google.fr
497,duolingo.com
498,webmd.com
499,amazon.co.jp
500,worldnic.com
501,line.me
502,ivi.ru
503,playstation.com
504,squarespace.com
505,digistorm.com
506,berkeley.edu
507,loc.gov
508,google.es
509,mncdn.com
510,digitalocean.com
511,trustpilot.com
512,arubanetworks.com
513,entrust.net
514,shutterstock.com
515,google.co.jp
516,cdek.ru
517,badoo.com
518,ibyteimg.com
519,mailchimp.com
520,cbsnews.com
521,sorbs.net
522,jquery.com
523,google.it
524,duckduckgo.com
525,uber.com
526,visa.com
527,yelp.com
528,163.com
529,braze.com
530,ezvizlife.com
531,huawei.com
532,intel.com
533,grammarly.io
534,marriott.com
535,onetrust.com
536,timeweb.ru
537,aboutads.info
538,free.fr
539,ovscdns.com
540,myspace.com
541,mts.ru
542,fb.com
543,sina.com.cn
544,dns-parking.com
545,launchpad.net
546,steamcommunity.com
547,tandfonline.com
548,patreon.com
549,uol.com.br
550,oup.com
551,sweetxladies.com
552,techcrunch.com
553,visualstudio.com
554,viber.com
555,theverge.com
556,ikea.com
557,byteglb.com
558,adobe.net
559,hugedomains.com
560,shalltry.com
561,nike.com
562,netease.com
563,akam.net
564,amplitude.com
565,ietf.org
566,newrelic.com
567,freepik.com
568,paloaltonetworks.com
569,herokuapp.com
570,noaa.gov
571,licdn.com
572,conviva.com
573,yandex.com
574,telekom.de
575,nstld.com
576,cornell.edu
577,merriam-webster.com
578,airbnb.com
579,accuweather.com
580,nelreports.net
581,smaato.net
582,rt.ru
583,qlivecdn.com
584,latimes.com
585,xhamster.com
586,nintendo.net
587,google.co.in
588,fontawesome.com
589,cookielaw.org
590,pinimg.com
591,mozgcp.net
592,goskope.com
593,qualtrics.com
594,crwdcntrl.net
595,igamecj.com
596,calendly.com
597,wattpad.com
598,yieldmo.com
599,ys7.com
600,agkn.com
601,livejournal.com
602,verkada.com
603,nest.com
604,mega.co.nz
605,incapdns.net
606,typekit.net
607,huffingtonpost.com
608,allawnos.com
609,omnitagjs.com
610,beeline.ru
611,bidr.io
612,riotgames.com
613,virtualearth.net
614,robinhood.com
615,prnewswire.com
616,life360.com
617,britannica.com
618,yahoo.net
619,intercom.io
620,statuspage.io
621,spaceweb.pro
622,appspot.com
623,online.net
624,target.com
625,tapad.com
626,livechatinc.com
627,optimizely.com
628,addthis.com
629,aliyun.com
630,bugsnag.com
631,nbcnews.com
632,deepintent.com
633,ifood.com.br
634,elpais.com
635,fast.com
636,spov-msedge.net
637,dbankcloud.cn
638,live.net
639,stackadapt.com
640,washington.edu
641,google.com.hk
642,mega.nz
643,e-msedge.net
644,google.pl
645,ieee.org
646,w3schools.com
647,okta.com
648,fandom.com
649,contentsquare.net
650,box.com
651,ovscdns.net
652,ecdns.net
653,contextweb.com
654,samsungapps.com
655,thesun.co.uk
656,amazon.fr
657,impervadns.net
658,fda.gov
659,rackspace.com
660,everesttech.net
661,bluekai.com
662,flashtalking.com
663,pornhub.com
664,mediafire.com
665,gihc.net
666,temu.com
667,rspamd.com
668,33across.com
669,dbankcloud.com
670,footprintdns.com
671,amazon.ca
672,cloudns.net
673,investopedia.com
674,nypost.com
675,yimg.com
676,hulu.com
677,rocket-cdnbp.com
678,schwab.com
679,sagepub.com
680,hostgator.com.br
681,service.gov.uk
682,dns.com
683,cdnbuild.net
684,hbr.org
685,google.com.mx
686,theatlantic.com
687,udemy.com
688,google.com.tr
689,klaviyo.com
690,douyincdn.com
691,shein.com
692,rbc.ru
693,bestbuy.com
694,homedepot.com
695,gumgum.com
696,xvideos.com
697,xiaomi.net
698,dns-shop.ru
699,docker.com
700,bytetcdn.com
701,bandcamp.com
702,nationalgeographic.com
703,telegram.org
704,kaspi.kz
705,ttoverseaus.net
706,allaboutcookies.org
707,unesco.org
708,themeforest.net
709,tremorhub.com
710,w55c.net
711,mixpanel.com
712,usda.gov
713,cambridge.org
714,youku.com
715,cdnvideo.ru
716,oath.cloud
717,rncdn7.com
718,ign.com
719,clever.com
720,1rx.io
721,name.com
722,lemonde.fr
723,jotform.com
724,zillow.com
725,fiverr.com
726,coinmarketcap.com
727,people.com
728,yximgs.com
729,pccc.com
730,me.com
731,samsungacr.com
732,usps.com
733,kickstarter.com
734,mirtesen.ru
735,steamstatic.com
736,notion.so
737,usgovcloudapi.net
738,mailchi.mp
739,svc.ms
740,mongodb.com
741,namebrightdns.com
742,swrve.com
743,a-mo.net
744,apigee.net
745,bitdefender.com
746,bankofamerica.com
747,gandi-ns.fr
748,sitescout.com
749,networkadvertising.org
750,datto.com
751,allegro.pl
752,rfihub.com
753,business.site
754,pbs.org
755,amazon.es
756,kargo.com
757,bluehost.com
758,aniview.com
759,princeton.edu
760,bild.de
761,stickyadstv.com
762,huffpost.com
763,chaturbate.com
764,awsglobalaccelerator.com
765,google.cn
766,cdn20.com
767,attn.tv
768,norton.com
769,bootstrapcdn.com
770,heytapdl.com
771,news.com.au
772,ipredictive.com
773,ebay.co.uk
774,mgid.com
775,intentiq.com
776,xnxx.com
777,tencent-cloud.net
778,hm.com
779,ssacdn.com
780,lefigaro.fr
781,fb.me
782,ioam.de
783,spbycdn.com
784,change.org
785,turn.com
786,connatix.com
787,iso.org
788,indexww.com
789,amazon.it
790,vedcdnlb.com
791,ssl-images-amazon.com
792,redhat.com
793,unrulymedia.com
794,t-online.de
795,miwifi.com
796,chartboost.com
797,whitehouse.gov
798,brave.com
799,upwork.com
800,cdnhwc1.com
801,lenovo.com
802,shopee.com.br
803,krxd.net
804,nintendo.com
805,samsungosp.com
806,browser-intake-datadoghq.com
807,dreamhost.com
808,adjust.com
809,apple.news
810,academia.edu
811,1drv.com
812,shopee.co.id
813,discordapp.com
814,onetag-sys.com
815,disneyplus.com
816,onlyfans.com
817,ameblo.jp
818,epa.gov
819,isnssdk.com
820,maricopa.gov
821,primevideo.com
822,fbsbx.com
823,seznam.cz
824,pluto.tv
825,fedex.com
826,heytapmobile.com
827,githubusercontent.com
828,firebaseio.com
829,phicdn.net
830,statcounter.com
831,appier.net
832,markmonitor.com
833,canonical.com
834,amazon.in
835,churnzero.net
836,myqcloud.com
837,netgear.com
838,spamhaus.org
839,mgts.ru
840,360safe.com
841,mozilla.net
842,rings.solutions
843,ks-cdn.com
844,gitlab.com
845,unpkg.com
846,imcmdb.net
847,hilton.com
848,firefox.com
849,cookiedatabase.org
850,erome.com
851,cloudflareinsights.com
852,chartbeat.net
853,360.cn
854,n-able.com
855,mob.com
856,pusher.com
857,sonobi.com
858,worldbank.org
859,exelator.com
860,globalsign.com
861,instructure.com
862,xfinity.com
863,llnwi.net
864,pendo.io
865,splashtop.com
866,takeaway.com
867,ohthree.com
868,atlassian.net
869,btloader.com
870,tribalfusion.com
871,genius.com
872,heylink.me
873,vmware.com
874,umich.edu
875,service-now.com
876,azure-devices.net
877,daum.net
878,arcgis.com
879,grabpay.com
880,economist.com
881,repubblica.it
882,adrta.com
883,dnsv1.com
884,springserve.com
885,biblegateway.com
886,usnews.com
887,segment.io
888,skroutz.gr
889,ad.gt
890,vivoglobal.com
891,lowes.com
892,deloitte.com
893,columbia.edu
894,wp.pl
895,ya.ru
896,ipify.org
897,state.gov
898,jimdo.com
899,classlink.com
900,zoho.com
901,vkuser.net
902,google.com.tw
903,mwbsys.com
904,amazon.com.br
905,onlinepbx.ru
906,nba.com
907,wikihow.com
908,avito.ru
909,discogs.com
910,bdydns.com
911,ebay.de
912,spotifycdn.com
913,immunet.com
914,sharethis.com
915,hotmail.com
916,rapid7.com
917,synology.com
918,kohls.com
919,mckinsey.com
920,adroll.com
921,businesswire.com
922,samsungcloudsolution.net
923,vkontakte.ru
924,redd.it
925,ertelecom.ru
926,2gis.com
927,akismet.com
928,xerox.com
929,onet.pl
930,agoda.com
931,aiv-delivery.net
932,onesignal.com
933,innovid.com
934,adgrx.com
935,mediavine.com
936,rayjump.com
937,utorrent.com
938,savvis.net
939,quizlet.com
940,notamedia.ru
941,cbc.ca
942,corriere.it
943,wshareit.com
944,elmundo.es
945,plesk.com
946,ancestry.com
947,postrelease.com
948,binance.com
949,smartthings.com
950,ip-api.com
951,tiqcdn.com
952,character.ai
953,typeform.com
954,4dex.io
955,xserver.jp
956,ubnt.com
957,weforum.org
958,asos.com
959,redditstatic.com
960,bol.com
961,flurry.com
962,interia.pl
963,avira.com
964,costco.com
965,quickconnect.to
966,pixiv.net
967,macys.com
968,msecnd.net
969,apnews.com
970,x.com
971,mdpi.com
972,plex.tv
973,cedexis-test.com
974,mercadolibre.com.ar
975,pexels.com
976,constantcontact.com
977,francetvinfo.fr
978,chartbeat.com
979,mercadolivre.com.br
980,eepurl.com
981,chess.com
982,adtelligent.com
983,si.com
984,arxiv.org
985,eporner.com
986,flipkart.com
987,oculus.com
988,split.io
989,withgoogle.com
990,www.gov.br
991,youronlinechoices.com
992,psychologytoday.com
993,creditkarma.com
994,serving-sys.com
995,openstreetmap.org
996,mozaws.net
997,spankbang.com
998,sportskeeda.com
999,xbox.com
1000,byteoversea.com
